{"train_accuracy": {"max": 0.7282235659421474}, "train_loss": {"min": 0.16872301032007844}, "train_f1": {"max": 0.7202666883872691}, "_timestamp": 1710281912.57934, "_runtime": 35.782716035842896, "_step": 5, "validation_accuracy": {"max": 0.7841530054644809}, "validation_loss": {"min": 0.1649974763393402}, "validation_f1": 0.7820835653663051, "test_accuracy": {"max": 0.7152975920385766}, "test_loss": {"min": 0.19066482886485206}, "test_f1": {"max": 0.7111321560504908}, "_wandb": {"runtime": 34}}