{"train_accuracy": {"max": 0.7867781685642995}, "train_loss": {"min": 0.11126626252779004}, "train_f1": {"max": 0.7617187734243218}, "_timestamp": 1710280297.499543, "_runtime": 52.97621297836304, "_step": 6, "validation_accuracy": {"max": 0.7582896360271437}, "validation_loss": {"min": 0.12414311962768536}, "validation_f1": 0.7379178975582141, "test_accuracy": {"max": 0.7582896360271437}, "test_loss": {"min": 0.12414311962768536}, "test_f1": {"max": 0.7385449485201866}, "Best f1: 0.7385449485201866": {"_type": "table-file", "sha256": "b738d6bb3f2192bf7d7c98cf1e71fc9607d4be73f2e7cd12bf29c3ce0571ccc1", "size": 350, "artifact_path": "wandb-client-artifact://z22s7ysgs9qn3z6qji5b8iy2le0j3t6nmt55q9f49cghvm4o4y3qmfyzz7nja6u4zzooh4n6ynlx18m7xllgeuf31etshekz96vvablrrh1w15kke7e0djjzhnwjf15h:latest/Best f1: 0.7385449485201866.table.json", "_latest_artifact_path": "wandb-client-artifact://z22s7ysgs9qn3z6qji5b8iy2le0j3t6nmt55q9f49cghvm4o4y3qmfyzz7nja6u4zzooh4n6ynlx18m7xllgeuf31etshekz96vvablrrh1w15kke7e0djjzhnwjf15h:latest/Best f1: 0.7385449485201866.table.json", "path": "media/table/Best f1: 0.7385449485201866_3_b738d6bb3f2192bf7d7c.table.json", "ncols": 4, "nrows": 4}, "_wandb": {"runtime": 51}}