{"train_accuracy": {"max": 0.7172740643896062}, "train_loss": {"min": 0.17665830082087605}, "train_f1": {"max": 0.7108364615607178}, "_timestamp": 1710281864.341154, "_runtime": 67.16602611541748, "_step": 5, "validation_accuracy": {"max": 0.7531876138433515}, "validation_loss": {"min": 0.17897649705410004}, "validation_f1": 0.7091047710166161, "test_accuracy": {"max": 0.7323786598168073}, "test_loss": {"min": 0.19163491477459055}, "test_f1": {"max": 0.7193759909129305}, "_wandb": {"runtime": 66}}