{"accuracy": 0.6438979963570127, "loss": {"min": 0.1768167346715927}, "f1": {"max": 0.7589357887278497}, "_timestamp": 1710112533.9508622, "_runtime": 42.184343099594116, "_step": 19, "table_key": {"_type": "table-file", "sha256": "87efe4755742f0cb8721126ff79c1fa421a8504699b8be6cf58473673d17e6b5", "size": 345, "artifact_path": "wandb-client-artifact://kip08bjvedu3j56o5r4bg9m71fe0h5va9iudjmpd2f924s7lp9fwmmmbfqwyl84h6ay0jc6j0sust1l08us5nt069l1pdbmxevl79ffwdnzd5w28o1dfihlgoeny3uof:latest/table_key.table.json", "_latest_artifact_path": "wandb-client-artifact://kip08bjvedu3j56o5r4bg9m71fe0h5va9iudjmpd2f924s7lp9fwmmmbfqwyl84h6ay0jc6j0sust1l08us5nt069l1pdbmxevl79ffwdnzd5w28o1dfihlgoeny3uof:latest/table_key.table.json", "path": "media/table/table_key_19_87efe4755742f0cb8721.table.json", "ncols": 4, "nrows": 4}, "_wandb": {"runtime": 41}}