{"train_accuracy": {"max": 0.8383336030044197}, "train_loss": {"min": 0.07503571264042676}, "train_f1": {"max": 0.820302516672885}, "_timestamp": 1710280398.858967, "_runtime": 89.59840106964111, "_step": 6, "validation_accuracy": {"max": 0.8516733497840839}, "validation_loss": {"min": 0.07409272521515566}, "validation_f1": 0.8411044929726821, "test_accuracy": {"max": 0.8516733497840839}, "test_loss": {"min": 0.07409272521515566}, "test_f1": {"max": 0.8411044929726821}, "Best f1: 0.8411044929726821": {"_type": "table-file", "sha256": "2b6b04e55069425eea4dd1ac4db307600e62e466545df51bac4db06300671f91", "size": 352, "artifact_path": "wandb-client-artifact://gey5ltrb78thyej27tcih8rrbhu80kbsqtn79f0nhfxt2nbf42dx3j7uzfp027wxe7h885m8ts57swrh3nchctsfw95dje1c7djtcmyp7x46t1pxgbyqszbozo39yop1:latest/Best f1: 0.8411044929726821.table.json", "_latest_artifact_path": "wandb-client-artifact://gey5ltrb78thyej27tcih8rrbhu80kbsqtn79f0nhfxt2nbf42dx3j7uzfp027wxe7h885m8ts57swrh3nchctsfw95dje1c7djtcmyp7x46t1pxgbyqszbozo39yop1:latest/Best f1: 0.8411044929726821.table.json", "path": "media/table/Best f1: 0.8411044929726821_6_2b6b04e55069425eea4d.table.json", "ncols": 4, "nrows": 4}, "_wandb": {"runtime": 87}}