{"train_accuracy": {"max": 0.775903327173478}, "train_loss": {"min": 0.10787545629371438}, "train_f1": {"max": 0.7415423374797254}, "_timestamp": 1710280785.869926, "_runtime": 169.1018030643463, "_step": 5, "validation_accuracy": {"max": 0.7639574336829118}, "validation_loss": {"min": 0.11931780824906545}, "validation_f1": 0.740683711864865, "test_accuracy": {"max": 0.7639574336829118}, "test_loss": {"min": 0.11931780824906545}, "test_f1": {"max": 0.740683711864865}, "_wandb": {"runtime": 168}}