{"accuracy": 0.6438979963570127, "loss": {"min": 0.11054016184061766}, "f1": {"max": 0.8343401337862337}, "_timestamp": 1710112912.718965, "_runtime": 202.1494541168213, "_step": 99, "table_key": {"_type": "table-file", "sha256": "575b5532830ec437c1e16e9e9c0b325bcdd74bf7db984079187ce91fd4d2a633", "size": 333, "artifact_path": "wandb-client-artifact://fljgs3i1qdlwsg87g1cwx46eps9k7ijfapxg1np74o356ludsi5rj16w9dzixp7l288sksa7giz4r3osmgywsqfrateuri9f3x6kpc5iqrz5awhlamyue9v8mqfa98js:latest/table_key.table.json", "_latest_artifact_path": "wandb-client-artifact://fljgs3i1qdlwsg87g1cwx46eps9k7ijfapxg1np74o356ludsi5rj16w9dzixp7l288sksa7giz4r3osmgywsqfrateuri9f3x6kpc5iqrz5awhlamyue9v8mqfa98js:latest/table_key.table.json", "path": "media/table/table_key_99_575b5532830ec437c1e1.table.json", "ncols": 4, "nrows": 4}, "_wandb": {"runtime": 201}}