{"accuracy": 0.6275045537340619, "loss": {"min": 0.1785482257604599}, "f1": {"max": 0.7252848384748893}, "_timestamp": 1710141350.66457, "_runtime": 48.42879009246826, "_step": 19, "table_key": {"_type": "table-file", "sha256": "f91fec2dfb7a7bb179b0cfcd8252c9be040386edd8610b1524c835ed1ff36a38", "size": 347, "artifact_path": "wandb-client-artifact://238hxy0mh3wwmo01rn7dwkl54ebvtenw4z10fdskxc5nyrbm0zfvxoqtfklsczybuqz7gmult4c6705hb6hkid4yf05mlspu5hg6udx0gf7q80qszi0enzdoypxfzxri:latest/table_key.table.json", "_latest_artifact_path": "wandb-client-artifact://238hxy0mh3wwmo01rn7dwkl54ebvtenw4z10fdskxc5nyrbm0zfvxoqtfklsczybuqz7gmult4c6705hb6hkid4yf05mlspu5hg6udx0gf7q80qszi0enzdoypxfzxri:latest/table_key.table.json", "path": "media/table/table_key_19_f91fec2dfb7a7bb179b0.table.json", "ncols": 4, "nrows": 4}, "_wandb": {"runtime": 47}}