{"train_accuracy": {"max": 0.9078661636591244}, "train_loss": {"min": 0.04208049503602135}, "train_f1": {"max": 0.9023890471934322}, "_timestamp": 1710281377.3555388, "_runtime": 54.982128858566284, "_step": 6, "validation_accuracy": {"max": 0.9009484885872918}, "validation_loss": {"min": 0.04196645264243204}, "validation_f1": 0.8994338142729762, "test_accuracy": {"max": 0.9009484885872918}, "test_loss": {"min": 0.04196645264243204}, "test_f1": {"max": 0.8994338142729762}, "Best f1: 0.8994338142729762": {"_type": "table-file", "sha256": "2f865907b8814b7777c0f49cdc5b06c3ffaaddd57ba52440914e7f42d22a5059", "size": 351, "artifact_path": "wandb-client-artifact://1av0ehb5lpvuzu58frwot7hprod0pfsqx23pv9s003ny9ls11rx3y3sma9syiosuspuy96wyj4hm4goaj9fs2wqk81mwz013la5phc448nj22whx82j1n1ptv2w8k5mt:latest/Best f1: 0.8994338142729762.table.json", "_latest_artifact_path": "wandb-client-artifact://1av0ehb5lpvuzu58frwot7hprod0pfsqx23pv9s003ny9ls11rx3y3sma9syiosuspuy96wyj4hm4goaj9fs2wqk81mwz013la5phc448nj22whx82j1n1ptv2w8k5mt:latest/Best f1: 0.8994338142729762.table.json", "path": "media/table/Best f1: 0.8994338142729762_6_2f865907b8814b7777c0.table.json", "ncols": 4, "nrows": 4}, "_wandb": {"runtime": 53}}