{"accuracy": 0.9627159161011721, "loss": {"min": 0.017704600595902162}, "f1": {"max": 0.9635352402853901}, "_timestamp": 1710102706.3076081, "_runtime": 325.7674732208252, "_step": 19, "table_key": {"_type": "table-file", "sha256": "087283fb26554d632a82bc358c3d12d1d53825e4b3d570cd3d393febcd46adaf", "size": 353, "artifact_path": "wandb-client-artifact://phz7idlgzbsgwtusuyz019g91z2o5zfmkvq6u1ciy15jixytgxs9aifsmf6nl3qsgo1oc4h3oe0xob3oo7k9a1gai7udlibma9o14w0dwyqvi81l06in3bs13p4vazsw:latest/table_key.table.json", "_latest_artifact_path": "wandb-client-artifact://phz7idlgzbsgwtusuyz019g91z2o5zfmkvq6u1ciy15jixytgxs9aifsmf6nl3qsgo1oc4h3oe0xob3oo7k9a1gai7udlibma9o14w0dwyqvi81l06in3bs13p4vazsw:latest/table_key.table.json", "path": "media/table/table_key_19_087283fb26554d632a82.table.json", "ncols": 4, "nrows": 4}, "_wandb": {"runtime": 324}}