{"train_accuracy": {"max": 0.7276350413448355}, "train_loss": {"min": 0.16297732506908716}, "train_f1": {"max": 0.6740816782484182}, "_timestamp": 1710277919.687579, "_runtime": 30.42756199836731, "_step": 2, "validation_accuracy": {"max": 0.6855336212214682}, "validation_loss": {"min": 0.18206770675936462}, "validation_f1": {"max": 0.6397958925053515}, "test_accuracy": {"max": 0.6855336212214682}, "test_loss": {"min": 0.18206770675936462}, "test_f1": {"max": 0.6397958925053515}, "_wandb": {"runtime": 29}}