{"train_accuracy": {"max": 0.7262624611864684}, "train_loss": {"min": 0.17456836681123133}, "train_f1": {"max": 0.7235600549097134}, "_timestamp": 1710281784.31587, "_runtime": 49.202715158462524, "_step": 5, "validation_accuracy": {"max": 0.7604735883424408}, "validation_loss": {"min": 0.199375781416893}, "validation_f1": 0.5604298356510746, "test_accuracy": {"max": 0.7219039122643759}, "test_loss": {"min": 0.18839045663180165}, "test_f1": {"max": 0.6921152673146165}, "_wandb": {"runtime": 48}}