{"accuracy": 0.7979256631708822, "loss": {"min": 0.019486380780259216}, "f1": {"max": 0.9514131926480268}, "_timestamp": 1710143096.5017002, "_runtime": 370.97373723983765, "_step": 21, "table_key": {"_type": "table-file", "sha256": "7c6454d027b17072c155726262df807ae3ac798dd5efbb3b37cc7a9c12aa7560", "size": 352, "artifact_path": "wandb-client-artifact://z3zok5um11o9gbdtrvrlpkgj0tww5mgefhgaan2rpilx0j2hncrkrfafg1lm60d5r9lo0wivz8b8rk0dkb03za04g3266oh65ue193sz4j5kop9dki16l3gzi4x8175f:latest/table_key.table.json", "_latest_artifact_path": "wandb-client-artifact://z3zok5um11o9gbdtrvrlpkgj0tww5mgefhgaan2rpilx0j2hncrkrfafg1lm60d5r9lo0wivz8b8rk0dkb03za04g3266oh65ue193sz4j5kop9dki16l3gzi4x8175f:latest/table_key.table.json", "path": "media/table/table_key_21_7c6454d027b17072c155.table.json", "ncols": 4, "nrows": 4}, "_wandb": {"runtime": 370}}