{"train_accuracy": {"max": 0.8153746582983471}, "train_loss": {"min": 0.0956549761772487}, "train_f1": {"max": 0.8002755729553273}, "_timestamp": 1710281314.576416, "_runtime": 86.39131808280945, "_step": 5, "validation_accuracy": {"max": 0.8001619370758791}, "validation_loss": {"min": 0.11145981210535644}, "validation_f1": 0.7885211566748775, "test_accuracy": {"max": 0.8001619370758791}, "test_loss": {"min": 0.11145981210535644}, "test_f1": {"max": 0.7885211566748775}, "_wandb": {"runtime": 85}}