{"acc": {"max": 0.9616748920419494}, "loss": {"min": 0.01878535884896563}, "f1": {"max": 0.9612144142661911}, "_timestamp": 1710143925.771041, "_runtime": 718.3291828632355, "_step": 41, "table_key": {"_type": "table-file", "sha256": "505bcf3c577cbe3a11e505f99791fff91fa081c2cdc07b4499a3b0665d4b5ee6", "size": 352, "artifact_path": "wandb-client-artifact://ew6lqtsrjncbbcztmrhzb0ehay0pwe25e3p5onyfvx6mm4ezmo33e2i79ollmcbbp6qsisvyx02steejaq1vdgoy0a90n8h3sfvv5zixivdugpmbpv00ao2ifbhtkag1:latest/table_key.table.json", "_latest_artifact_path": "wandb-client-artifact://ew6lqtsrjncbbcztmrhzb0ehay0pwe25e3p5onyfvx6mm4ezmo33e2i79ollmcbbp6qsisvyx02steejaq1vdgoy0a90n8h3sfvv5zixivdugpmbpv00ao2ifbhtkag1:latest/table_key.table.json", "path": "media/table/table_key_41_505bcf3c577cbe3a11e5.table.json", "ncols": 4, "nrows": 4}, "_wandb": {"runtime": 717}}